[ {
  "id" : 4,
  "num" : "004",
  "name" : "Charmander",
  "type" : [ "Fire" ],
  "height" : "0.61 m",
  "weight" : "8.5 kg",
  "weaknesses" : [ "Water", "Ground", "Rock" ],
  "prev_evolution" : null,
  "next_evolution" : [ {
    "num" : "005",
    "name" : "Charmeleon"
  }, {
    "num" : "006",
    "name" : "Charizard"
  } ]
}, {
  "id" : 5,
  "num" : "005",
  "name" : "Charmeleon",
  "type" : [ "Fire" ],
  "height" : "1.09 m",
  "weight" : "19.0 kg",
  "weaknesses" : [ "Water", "Ground", "Rock" ],
  "prev_evolution" : [ {
    "num" : "004",
    "name" : "Charmander"
  } ],
  "next_evolution" : [ {
    "num" : "006",
    "name" : "Charizard"
  } ]
}, {
  "id" : 6,
  "num" : "006",
  "name" : "Charizard",
  "type" : [ "Fire", "Flying" ],
  "height" : "1.70 m",
  "weight" : "90.5 kg",
  "weaknesses" : [ "Water", "Electric", "Rock" ],
  "prev_evolution" : [ {
    "num" : "004",
    "name" : "Charmander"
  }, {
    "num" : "005",
    "name" : "Charmeleon"
  } ],
  "next_evolution" : null
}, {
  "id" : 7,
  "num" : "007",
  "name" : "Squirtle",
  "type" : [ "Water" ],
  "height" : "0.51 m",
  "weight" : "9.0 kg",
  "weaknesses" : [ "Electric", "Grass" ],
  "prev_evolution" : null,
  "next_evolution" : [ {
    "num" : "008",
    "name" : "Wartortle"
  }, {
    "num" : "009",
    "name" : "Blastoise"
  } ]
}, {
  "id" : 8,
  "num" : "008",
  "name" : "Wartortle",
  "type" : [ "Water" ],
  "height" : "0.99 m",
  "weight" : "22.5 kg",
  "weaknesses" : [ "Electric", "Grass" ],
  "prev_evolution" : [ {
    "num" : "007",
    "name" : "Squirtle"
  } ],
  "next_evolution" : [ {
    "num" : "009",
    "name" : "Blastoise"
  } ]
}, {
  "id" : 9,
  "num" : "009",
  "name" : "Blastoise",
  "type" : [ "Water" ],
  "height" : "1.60 m",
  "weight" : "85.5 kg",
  "weaknesses" : [ "Electric", "Grass" ],
  "prev_evolution" : [ {
    "num" : "007",
    "name" : "Squirtle"
  }, {
    "num" : "008",
    "name" : "Wartortle"
  } ],
  "next_evolution" : null
}, {
  "id" : 12,
  "num" : "012",
  "name" : "Butterfree",
  "type" : [ "Bug", "Flying" ],
  "height" : "1.09 m",
  "weight" : "32.0 kg",
  "weaknesses" : [ "Fire", "Electric", "Ice", "Flying", "Rock" ],
  "prev_evolution" : [ {
    "num" : "010",
    "name" : "Caterpie"
  }, {
    "num" : "011",
    "name" : "Metapod"
  } ],
  "next_evolution" : null
}, {
  "id" : 16,
  "num" : "016",
  "name" : "Pidgey",
  "type" : [ "Normal", "Flying" ],
  "height" : "0.30 m",
  "weight" : "1.8 kg",
  "weaknesses" : [ "Electric", "Rock" ],
  "prev_evolution" : null,
  "next_evolution" : [ {
    "num" : "017",
    "name" : "Pidgeotto"
  }, {
    "num" : "018",
    "name" : "Pidgeot"
  } ]
}, {
  "id" : 17,
  "num" : "017",
  "name" : "Pidgeotto",
  "type" : [ "Normal", "Flying" ],
  "height" : "1.09 m",
  "weight" : "30.0 kg",
  "weaknesses" : [ "Electric", "Rock" ],
  "prev_evolution" : [ {
    "num" : "016",
    "name" : "Pidgey"
  } ],
  "next_evolution" : [ {
    "num" : "018",
    "name" : "Pidgeot"
  } ]
}, {
  "id" : 18,
  "num" : "018",
  "name" : "Pidgeot",
  "type" : [ "Normal", "Flying" ],
  "height" : "1.50 m",
  "weight" : "39.5 kg",
  "weaknesses" : [ "Electric", "Rock" ],
  "prev_evolution" : [ {
    "num" : "016",
    "name" : "Pidgey"
  }, {
    "num" : "017",
    "name" : "Pidgeotto"
  } ],
  "next_evolution" : null
}, {
  "id" : 21,
  "num" : "021",
  "name" : "Spearow",
  "type" : [ "Normal", "Flying" ],
  "height" : "0.30 m",
  "weight" : "2.0 kg",
  "weaknesses" : [ "Electric", "Rock" ],
  "prev_evolution" : null,
  "next_evolution" : [ {
    "num" : "022",
    "name" : "Fearow"
  } ]
}, {
  "id" : 22,
  "num" : "022",
  "name" : "Fearow",
  "type" : [ "Normal", "Flying" ],
  "height" : "1.19 m",
  "weight" : "38.0 kg",
  "weaknesses" : [ "Electric", "Rock" ],
  "prev_evolution" : [ {
    "num" : "021",
    "name" : "Spearow"
  } ],
  "next_evolution" : null
}, {
  "id" : 27,
  "num" : "027",
  "name" : "Sandshrew",
  "type" : [ "Ground" ],
  "height" : "0.61 m",
  "weight" : "12.0 kg",
  "weaknesses" : [ "Water", "Grass", "Ice" ],
  "prev_evolution" : null,
  "next_evolution" : [ {
    "num" : "028",
    "name" : "Sandslash"
  } ]
}, {
  "id" : 28,
  "num" : "028",
  "name" : "Sandslash",
  "type" : [ "Ground" ],
  "height" : "0.99 m",
  "weight" : "29.5 kg",
  "weaknesses" : [ "Water", "Grass", "Ice" ],
  "prev_evolution" : [ {
    "num" : "027",
    "name" : "Sandshrew"
  } ],
  "next_evolution" : null
}, {
  "id" : 31,
  "num" : "031",
  "name" : "Nidoqueen",
  "type" : [ "Poison", "Ground" ],
  "height" : "1.30 m",
  "weight" : "60.0 kg",
  "weaknesses" : [ "Water", "Ice", "Ground", "Psychic" ],
  "prev_evolution" : [ {
    "num" : "029",
    "name" : "Nidoran(Female)"
  }, {
    "num" : "030",
    "name" : "Nidorina"
  } ],
  "next_evolution" : null
}, {
  "id" : 34,
  "num" : "034",
  "name" : "Nidoking",
  "type" : [ "Poison", "Ground" ],
  "height" : "1.40 m",
  "weight" : "62.0 kg",
  "weaknesses" : [ "Water", "Ice", "Ground", "Psychic" ],
  "prev_evolution" : [ {
    "num" : "032",
    "name" : "Nidoran(Male)"
  }, {
    "num" : "033",
    "name" : "Nidorino"
  } ],
  "next_evolution" : null
}, {
  "id" : 37,
  "num" : "037",
  "name" : "Vulpix",
  "type" : [ "Fire" ],
  "height" : "0.61 m",
  "weight" : "9.9 kg",
  "weaknesses" : [ "Water", "Ground", "Rock" ],
  "prev_evolution" : null,
  "next_evolution" : [ {
    "num" : "038",
    "name" : "Ninetales"
  } ]
}, {
  "id" : 38,
  "num" : "038",
  "name" : "Ninetales",
  "type" : [ "Fire" ],
  "height" : "1.09 m",
  "weight" : "19.9 kg",
  "weaknesses" : [ "Water", "Ground", "Rock" ],
  "prev_evolution" : [ {
    "num" : "037",
    "name" : "Vulpix"
  } ],
  "next_evolution" : null
}, {
  "id" : 41,
  "num" : "041",
  "name" : "Zubat",
  "type" : [ "Poison", "Flying" ],
  "height" : "0.79 m",
  "weight" : "7.5 kg",
  "weaknesses" : [ "Electric", "Ice", "Psychic", "Rock" ],
  "prev_evolution" : null,
  "next_evolution" : [ {
    "num" : "042",
    "name" : "Golbat"
  } ]
}, {
  "id" : 42,
  "num" : "042",
  "name" : "Golbat",
  "type" : [ "Poison", "Flying" ],
  "height" : "1.60 m",
  "weight" : "55.0 kg",
  "weaknesses" : [ "Electric", "Ice", "Psychic", "Rock" ],
  "prev_evolution" : [ {
    "num" : "041",
    "name" : "Zubat"
  } ],
  "next_evolution" : null
}, {
  "id" : 50,
  "num" : "050",
  "name" : "Diglett",
  "type" : [ "Ground" ],
  "height" : "0.20 m",
  "weight" : "0.8 kg",
  "weaknesses" : [ "Water", "Grass", "Ice" ],
  "prev_evolution" : null,
  "next_evolution" : [ {
    "num" : "051",
    "name" : "Dugtrio"
  } ]
}, {
  "id" : 51,
  "num" : "051",
  "name" : "Dugtrio",
  "type" : [ "Ground" ],
  "height" : "0.71 m",
  "weight" : "33.3 kg",
  "weaknesses" : [ "Water", "Grass", "Ice" ],
  "prev_evolution" : [ {
    "num" : "050",
    "name" : "Diglett"
  } ],
  "next_evolution" : null
}, {
  "id" : 54,
  "num" : "054",
  "name" : "Psyduck",
  "type" : [ "Water" ],
  "height" : "0.79 m",
  "weight" : "19.6 kg",
  "weaknesses" : [ "Electric", "Grass" ],
  "prev_evolution" : null,
  "next_evolution" : [ {
    "num" : "055",
    "name" : "Golduck"
  } ]
}, {
  "id" : 55,
  "num" : "055",
  "name" : "Golduck",
  "type" : [ "Water" ],
  "height" : "1.70 m",
  "weight" : "76.6 kg",
  "weaknesses" : [ "Electric", "Grass" ],
  "prev_evolution" : [ {
    "num" : "054",
    "name" : "Psyduck"
  } ],
  "next_evolution" : null
}, {
  "id" : 58,
  "num" : "058",
  "name" : "Growlithe",
  "type" : [ "Fire" ],
  "height" : "0.71 m",
  "weight" : "19.0 kg",
  "weaknesses" : [ "Water", "Ground", "Rock" ],
  "prev_evolution" : null,
  "next_evolution" : [ {
    "num" : "059",
    "name" : "Arcanine"
  } ]
}, {
  "id" : 59,
  "num" : "059",
  "name" : "Arcanine",
  "type" : [ "Fire" ],
  "height" : "1.91 m",
  "weight" : "155.0 kg",
  "weaknesses" : [ "Water", "Ground", "Rock" ],
  "prev_evolution" : [ {
    "num" : "058",
    "name" : "Growlithe"
  } ],
  "next_evolution" : null
}, {
  "id" : 60,
  "num" : "060",
  "name" : "Poliwag",
  "type" : [ "Water" ],
  "height" : "0.61 m",
  "weight" : "12.4 kg",
  "weaknesses" : [ "Electric", "Grass" ],
  "prev_evolution" : null,
  "next_evolution" : [ {
    "num" : "061",
    "name" : "Poliwhirl"
  }, {
    "num" : "062",
    "name" : "Poliwrath"
  } ]
}, {
  "id" : 61,
  "num" : "061",
  "name" : "Poliwhirl",
  "type" : [ "Water" ],
  "height" : "0.99 m",
  "weight" : "20.0 kg",
  "weaknesses" : [ "Electric", "Grass" ],
  "prev_evolution" : [ {
    "num" : "060",
    "name" : "Poliwag"
  } ],
  "next_evolution" : [ {
    "num" : "062",
    "name" : "Poliwrath"
  } ]
}, {
  "id" : 62,
  "num" : "062",
  "name" : "Poliwrath",
  "type" : [ "Water", "Fighting" ],
  "height" : "1.30 m",
  "weight" : "54.0 kg",
  "weaknesses" : [ "Electric", "Grass", "Flying", "Psychic", "Fairy" ],
  "prev_evolution" : [ {
    "num" : "060",
    "name" : "Poliwag"
  }, {
    "num" : "061",
    "name" : "Poliwhirl"
  } ],
  "next_evolution" : null
}, {
  "id" : 72,
  "num" : "072",
  "name" : "Tentacool",
  "type" : [ "Water", "Poison" ],
  "height" : "0.89 m",
  "weight" : "45.5 kg",
  "weaknesses" : [ "Electric", "Ground", "Psychic" ],
  "prev_evolution" : null,
  "next_evolution" : [ {
    "num" : "073",
    "name" : "Tentacruel"
  } ]
}, {
  "id" : 73,
  "num" : "073",
  "name" : "Tentacruel",
  "type" : [ "Water", "Poison" ],
  "height" : "1.60 m",
  "weight" : "55.0 kg",
  "weaknesses" : [ "Electric", "Ground", "Psychic" ],
  "prev_evolution" : [ {
    "num" : "072",
    "name" : "Tentacool"
  } ],
  "next_evolution" : null
}, {
  "id" : 74,
  "num" : "074",
  "name" : "Geodude",
  "type" : [ "Rock", "Ground" ],
  "height" : "0.41 m",
  "weight" : "20.0 kg",
  "weaknesses" : [ "Water", "Grass", "Ice", "Fighting", "Ground", "Steel" ],
  "prev_evolution" : null,
  "next_evolution" : [ {
    "num" : "075",
    "name" : "Graveler"
  }, {
    "num" : "076",
    "name" : "Golem"
  } ]
}, {
  "id" : 75,
  "num" : "075",
  "name" : "Graveler",
  "type" : [ "Rock", "Ground" ],
  "height" : "0.99 m",
  "weight" : "105.0 kg",
  "weaknesses" : [ "Water", "Grass", "Ice", "Fighting", "Ground", "Steel" ],
  "prev_evolution" : [ {
    "num" : "074",
    "name" : "Geodude"
  } ],
  "next_evolution" : [ {
    "num" : "076",
    "name" : "Golem"
  } ]
}, {
  "id" : 76,
  "num" : "076",
  "name" : "Golem",
  "type" : [ "Rock", "Ground" ],
  "height" : "1.40 m",
  "weight" : "300.0 kg",
  "weaknesses" : [ "Water", "Grass", "Ice", "Fighting", "Ground", "Steel" ],
  "prev_evolution" : [ {
    "num" : "074",
    "name" : "Geodude"
  }, {
    "num" : "075",
    "name" : "Graveler"
  } ],
  "next_evolution" : null
}, {
  "id" : 77,
  "num" : "077",
  "name" : "Ponyta",
  "type" : [ "Fire" ],
  "height" : "0.99 m",
  "weight" : "30.0 kg",
  "weaknesses" : [ "Water", "Ground", "Rock" ],
  "prev_evolution" : null,
  "next_evolution" : [ {
    "num" : "078",
    "name" : "Rapidash"
  } ]
}, {
  "id" : 78,
  "num" : "078",
  "name" : "Rapidash",
  "type" : [ "Fire" ],
  "height" : "1.70 m",
  "weight" : "95.0 kg",
  "weaknesses" : [ "Water", "Ground", "Rock" ],
  "prev_evolution" : [ {
    "num" : "077",
    "name" : "Ponyta"
  } ],
  "next_evolution" : null
}, {
  "id" : 79,
  "num" : "079",
  "name" : "Slowpoke",
  "type" : [ "Water", "Psychic" ],
  "height" : "1.19 m",
  "weight" : "36.0 kg",
  "weaknesses" : [ "Electric", "Grass", "Bug", "Ghost", "Dark" ],
  "prev_evolution" : null,
  "next_evolution" : [ {
    "num" : "080",
    "name" : "Slowbro"
  } ]
}, {
  "id" : 80,
  "num" : "080",
  "name" : "Slowbro",
  "type" : [ "Water", "Psychic" ],
  "height" : "1.60 m",
  "weight" : "78.5 kg",
  "weaknesses" : [ "Electric", "Grass", "Bug", "Ghost", "Dark" ],
  "prev_evolution" : [ {
    "num" : "079",
    "name" : "Slowpoke"
  } ],
  "next_evolution" : null
}, {
  "id" : 81,
  "num" : "081",
  "name" : "Magnemite",
  "type" : [ "Electric" ],
  "height" : "0.30 m",
  "weight" : "6.0 kg",
  "weaknesses" : [ "Fire", "Water", "Ground" ],
  "prev_evolution" : null,
  "next_evolution" : [ {
    "num" : "082",
    "name" : "Magneton"
  } ]
}, {
  "id" : 82,
  "num" : "082",
  "name" : "Magneton",
  "type" : [ "Electric" ],
  "height" : "0.99 m",
  "weight" : "60.0 kg",
  "weaknesses" : [ "Fire", "Water", "Ground" ],
  "prev_evolution" : [ {
    "num" : "081",
    "name" : "Magnemite"
  } ],
  "next_evolution" : null
}, {
  "id" : 83,
  "num" : "083",
  "name" : "Farfetch'd",
  "type" : [ "Normal", "Flying" ],
  "height" : "0.79 m",
  "weight" : "15.0 kg",
  "weaknesses" : [ "Electric", "Rock" ],
  "prev_evolution" : null,
  "next_evolution" : null
}, {
  "id" : 84,
  "num" : "084",
  "name" : "Doduo",
  "type" : [ "Normal", "Flying" ],
  "height" : "1.40 m",
  "weight" : "39.2 kg",
  "weaknesses" : [ "Electric", "Rock" ],
  "prev_evolution" : null,
  "next_evolution" : [ {
    "num" : "085",
    "name" : "Dodrio"
  } ]
}, {
  "id" : 85,
  "num" : "085",
  "name" : "Dodrio",
  "type" : [ "Normal", "Flying" ],
  "height" : "1.80 m",
  "weight" : "85.2 kg",
  "weaknesses" : [ "Electric", "Rock" ],
  "prev_evolution" : [ {
    "num" : "084",
    "name" : "Doduo"
  } ],
  "next_evolution" : null
}, {
  "id" : 86,
  "num" : "086",
  "name" : "Seel",
  "type" : [ "Water" ],
  "height" : "1.09 m",
  "weight" : "90.0 kg",
  "weaknesses" : [ "Electric", "Grass" ],
  "prev_evolution" : null,
  "next_evolution" : [ {
    "num" : "087",
    "name" : "Dewgong"
  } ]
}, {
  "id" : 87,
  "num" : "087",
  "name" : "Dewgong",
  "type" : [ "Water", "Ice" ],
  "height" : "1.70 m",
  "weight" : "120.0 kg",
  "weaknesses" : [ "Electric", "Grass", "Fighting", "Rock" ],
  "prev_evolution" : [ {
    "num" : "086",
    "name" : "Seel"
  } ],
  "next_evolution" : null
}, {
  "id" : 90,
  "num" : "090",
  "name" : "Shellder",
  "type" : [ "Water" ],
  "height" : "0.30 m",
  "weight" : "4.0 kg",
  "weaknesses" : [ "Electric", "Grass" ],
  "prev_evolution" : null,
  "next_evolution" : [ {
    "num" : "091",
    "name" : "Cloyster"
  } ]
}, {
  "id" : 91,
  "num" : "091",
  "name" : "Cloyster",
  "type" : [ "Water", "Ice" ],
  "height" : "1.50 m",
  "weight" : "132.5 kg",
  "weaknesses" : [ "Electric", "Grass", "Fighting", "Rock" ],
  "prev_evolution" : [ {
    "num" : "090",
    "name" : "Shellder"
  } ],
  "next_evolution" : null
}, {
  "id" : 95,
  "num" : "095",
  "name" : "Onix",
  "type" : [ "Rock", "Ground" ],
  "height" : "8.79 m",
  "weight" : "210.0 kg",
  "weaknesses" : [ "Water", "Grass", "Ice", "Fighting", "Ground", "Steel" ],
  "prev_evolution" : null,
  "next_evolution" : null
}, {
  "id" : 98,
  "num" : "098",
  "name" : "Krabby",
  "type" : [ "Water" ],
  "height" : "0.41 m",
  "weight" : "6.5 kg",
  "weaknesses" : [ "Electric", "Grass" ],
  "prev_evolution" : null,
  "next_evolution" : [ {
    "num" : "099",
    "name" : "Kingler"
  } ]
}, {
  "id" : 99,
  "num" : "099",
  "name" : "Kingler",
  "type" : [ "Water" ],
  "height" : "1.30 m",
  "weight" : "60.0 kg",
  "weaknesses" : [ "Electric", "Grass" ],
  "prev_evolution" : [ {
    "num" : "098",
    "name" : "Krabby"
  } ],
  "next_evolution" : null
}, {
  "id" : 104,
  "num" : "104",
  "name" : "Cubone",
  "type" : [ "Ground" ],
  "height" : "0.41 m",
  "weight" : "6.5 kg",
  "weaknesses" : [ "Water", "Grass", "Ice" ],
  "prev_evolution" : null,
  "next_evolution" : [ {
    "num" : "105",
    "name" : "Marowak"
  } ]
}, {
  "id" : 105,
  "num" : "105",
  "name" : "Marowak",
  "type" : [ "Ground" ],
  "height" : "0.99 m",
  "weight" : "45.0 kg",
  "weaknesses" : [ "Water", "Grass", "Ice" ],
  "prev_evolution" : [ {
    "num" : "104",
    "name" : "Cubone"
  } ],
  "next_evolution" : null
}, {
  "id" : 111,
  "num" : "111",
  "name" : "Rhyhorn",
  "type" : [ "Ground", "Rock" ],
  "height" : "0.99 m",
  "weight" : "115.0 kg",
  "weaknesses" : [ "Water", "Grass", "Ice", "Fighting", "Ground", "Steel" ],
  "prev_evolution" : null,
  "next_evolution" : [ {
    "num" : "112",
    "name" : "Rhydon"
  } ]
}, {
  "id" : 112,
  "num" : "112",
  "name" : "Rhydon",
  "type" : [ "Ground", "Rock" ],
  "height" : "1.91 m",
  "weight" : "120.0 kg",
  "weaknesses" : [ "Water", "Grass", "Ice", "Fighting", "Ground", "Steel" ],
  "prev_evolution" : [ {
    "num" : "111",
    "name" : "Rhyhorn"
  } ],
  "next_evolution" : null
}, {
  "id" : 116,
  "num" : "116",
  "name" : "Horsea",
  "type" : [ "Water" ],
  "height" : "0.41 m",
  "weight" : "8.0 kg",
  "weaknesses" : [ "Electric", "Grass" ],
  "prev_evolution" : null,
  "next_evolution" : [ {
    "num" : "117",
    "name" : "Seadra"
  } ]
}, {
  "id" : 117,
  "num" : "117",
  "name" : "Seadra",
  "type" : [ "Water" ],
  "height" : "1.19 m",
  "weight" : "25.0 kg",
  "weaknesses" : [ "Electric", "Grass" ],
  "prev_evolution" : [ {
    "num" : "116",
    "name" : "Horsea"
  } ],
  "next_evolution" : null
}, {
  "id" : 118,
  "num" : "118",
  "name" : "Goldeen",
  "type" : [ "Water" ],
  "height" : "0.61 m",
  "weight" : "15.0 kg",
  "weaknesses" : [ "Electric", "Grass" ],
  "prev_evolution" : null,
  "next_evolution" : [ {
    "num" : "119",
    "name" : "Seaking"
  } ]
}, {
  "id" : 119,
  "num" : "119",
  "name" : "Seaking",
  "type" : [ "Water" ],
  "height" : "1.30 m",
  "weight" : "39.0 kg",
  "weaknesses" : [ "Electric", "Grass" ],
  "prev_evolution" : [ {
    "num" : "118",
    "name" : "Goldeen"
  } ],
  "next_evolution" : null
}, {
  "id" : 120,
  "num" : "120",
  "name" : "Staryu",
  "type" : [ "Water" ],
  "height" : "0.79 m",
  "weight" : "34.5 kg",
  "weaknesses" : [ "Electric", "Grass" ],
  "prev_evolution" : null,
  "next_evolution" : [ {
    "num" : "121",
    "name" : "Starmie"
  } ]
}, {
  "id" : 121,
  "num" : "121",
  "name" : "Starmie",
  "type" : [ "Water", "Psychic" ],
  "height" : "1.09 m",
  "weight" : "80.0 kg",
  "weaknesses" : [ "Electric", "Grass", "Bug", "Ghost", "Dark" ],
  "prev_evolution" : [ {
    "num" : "120",
    "name" : "Staryu"
  } ],
  "next_evolution" : null
}, {
  "id" : 123,
  "num" : "123",
  "name" : "Scyther",
  "type" : [ "Bug", "Flying" ],
  "height" : "1.50 m",
  "weight" : "56.0 kg",
  "weaknesses" : [ "Fire", "Electric", "Ice", "Flying", "Rock" ],
  "prev_evolution" : null,
  "next_evolution" : null
}, {
  "id" : 126,
  "num" : "126",
  "name" : "Magmar",
  "type" : [ "Fire" ],
  "height" : "1.30 m",
  "weight" : "44.5 kg",
  "weaknesses" : [ "Water", "Ground", "Rock" ],
  "prev_evolution" : null,
  "next_evolution" : null
}, {
  "id" : 129,
  "num" : "129",
  "name" : "Magikarp",
  "type" : [ "Water" ],
  "height" : "0.89 m",
  "weight" : "10.0 kg",
  "weaknesses" : [ "Electric", "Grass" ],
  "prev_evolution" : null,
  "next_evolution" : [ {
    "num" : "130",
    "name" : "Gyarados"
  } ]
}, {
  "id" : 130,
  "num" : "130",
  "name" : "Gyarados",
  "type" : [ "Water", "Flying" ],
  "height" : "6.50 m",
  "weight" : "235.0 kg",
  "weaknesses" : [ "Electric", "Rock" ],
  "prev_evolution" : [ {
    "num" : "129",
    "name" : "Magikarp"
  } ],
  "next_evolution" : null
}, {
  "id" : 131,
  "num" : "131",
  "name" : "Lapras",
  "type" : [ "Water", "Ice" ],
  "height" : "2.49 m",
  "weight" : "220.0 kg",
  "weaknesses" : [ "Electric", "Grass", "Fighting", "Rock" ],
  "prev_evolution" : null,
  "next_evolution" : null
}, {
  "id" : 134,
  "num" : "134",
  "name" : "Vaporeon",
  "type" : [ "Water" ],
  "height" : "0.99 m",
  "weight" : "29.0 kg",
  "weaknesses" : [ "Electric", "Grass" ],
  "prev_evolution" : [ {
    "num" : "133",
    "name" : "Eevee"
  } ],
  "next_evolution" : null
}, {
  "id" : 136,
  "num" : "136",
  "name" : "Flareon",
  "type" : [ "Fire" ],
  "height" : "0.89 m",
  "weight" : "25.0 kg",
  "weaknesses" : [ "Water", "Ground", "Rock" ],
  "prev_evolution" : [ {
    "num" : "133",
    "name" : "Eevee"
  } ],
  "next_evolution" : null
}, {
  "id" : 138,
  "num" : "138",
  "name" : "Omanyte",
  "type" : [ "Rock", "Water" ],
  "height" : "0.41 m",
  "weight" : "7.5 kg",
  "weaknesses" : [ "Electric", "Grass", "Fighting", "Ground" ],
  "prev_evolution" : null,
  "next_evolution" : [ {
    "num" : "139",
    "name" : "Omastar"
  } ]
}, {
  "id" : 139,
  "num" : "139",
  "name" : "Omastar",
  "type" : [ "Rock", "Water" ],
  "height" : "0.99 m",
  "weight" : "35.0 kg",
  "weaknesses" : [ "Electric", "Grass", "Fighting", "Ground" ],
  "prev_evolution" : [ {
    "num" : "138",
    "name" : "Omanyte"
  } ],
  "next_evolution" : null
}, {
  "id" : 140,
  "num" : "140",
  "name" : "Kabuto",
  "type" : [ "Rock", "Water" ],
  "height" : "0.51 m",
  "weight" : "11.5 kg",
  "weaknesses" : [ "Electric", "Grass", "Fighting", "Ground" ],
  "prev_evolution" : null,
  "next_evolution" : [ {
    "num" : "141",
    "name" : "Kabutops"
  } ]
}, {
  "id" : 141,
  "num" : "141",
  "name" : "Kabutops",
  "type" : [ "Rock", "Water" ],
  "height" : "1.30 m",
  "weight" : "40.5 kg",
  "weaknesses" : [ "Electric", "Grass", "Fighting", "Ground" ],
  "prev_evolution" : [ {
    "num" : "140",
    "name" : "Kabuto"
  } ],
  "next_evolution" : null
}, {
  "id" : 142,
  "num" : "142",
  "name" : "Aerodactyl",
  "type" : [ "Rock", "Flying" ],
  "height" : "1.80 m",
  "weight" : "59.0 kg",
  "weaknesses" : [ "Water", "Electric", "Ice", "Rock", "Steel" ],
  "prev_evolution" : null,
  "next_evolution" : null
}, {
  "id" : 144,
  "num" : "144",
  "name" : "Articuno",
  "type" : [ "Ice", "Flying" ],
  "height" : "1.70 m",
  "weight" : "55.4 kg",
  "weaknesses" : [ "Fire", "Electric", "Rock", "Steel" ],
  "prev_evolution" : null,
  "next_evolution" : null
}, {
  "id" : 146,
  "num" : "146",
  "name" : "Moltres",
  "type" : [ "Fire", "Flying" ],
  "height" : "2.01 m",
  "weight" : "60.0 kg",
  "weaknesses" : [ "Water", "Electric", "Rock" ],
  "prev_evolution" : null,
  "next_evolution" : null
} ]